,vertices,edges,capacity,avg_fifo_time,avg_edmonds_time,max_fifo_time,max_edmonds_time
0,10,4,10,7.47499998396961e-05,3.614999877754599e-05,0.0001329000006080605,5.4799998906673864e-05
1,10,9,10,0.00010560000191617291,2.3449998479918577e-05,0.0001810000030673109,2.8799997380701825e-05
2,10,13,10,0.00015785000141477212,1.6250000044237822e-05,0.00030310000147437677,2.099999983329326e-05
3,10,18,10,0.0006929999999556458,3.685000046971254e-05,0.000842400000692578,4.160000025876798e-05
4,10,22,10,0.00014804999955231324,7.084999924700242e-05,0.00016059999688877724,7.840000034775585e-05
5,10,27,10,0.0006117499979154672,5.810000038763974e-05,0.0007860999976401217,7.220000043162145e-05
6,10,31,10,0.0005146500006958377,0.00012185000014142133,0.0009286000022257213,0.0001612999985809438
7,10,36,10,0.00047244999950635247,0.00010440000005473848,0.0008256000000983477,0.00010900000052060932
8,10,40,10,0.0003326999994897051,0.000231849999181577,0.0004210999977658503,0.00026810000053956173
9,10,45,10,0.0004330500014475547,0.00012224999954923987,0.0008379000028071459,0.0002223999981652014
10,20,19,10,5.5950000387383625e-05,8.000000889296643e-06,9.660000068834051e-05,8.400002116104588e-06
11,20,38,10,0.00011995000022579916,1.1950000043725595e-05,0.0002234999992651865,1.3799999578623101e-05
12,20,57,10,0.0007361999996646773,0.00013705000128538813,0.0012290999984543305,0.0002238000015495345
13,20,76,10,0.0015045500003907364,0.00012830000196117908,0.002650599999469705,0.00018050000289804302
14,20,95,10,0.004065999999511405,0.0004162500008533243,0.0041095000015047844,0.0005258000019239262
15,20,114,10,0.001360449999992852,0.0002067499990516808,0.0024854000002960674,0.0002898999991884921
16,20,133,10,0.002513750001526205,0.0003297500006738119,0.00458700000308454,0.0003324999997857958
17,20,152,10,0.0021030999996582977,0.0003737999995792052,0.0037945000003674068,0.0004155999995418824
18,20,171,10,0.0005130499994265847,0.0005543500010389835,0.0007681999995838851,0.0009919000003719702
19,20,190,10,0.0036867999988317024,0.0006074000011722092,0.004237999997712905,0.0007734000027994625
20,30,43,10,0.0011340500004735077,2.7950001822318882e-05,0.002233800001704367,4.380000245873816e-05
21,30,87,10,0.0029322999998839805,0.0001978999989660224,0.005077899997559143,0.00035009999919566326
22,30,130,10,0.0031725999997433973,0.00021190000006754417,0.006056000001990469,0.0002569999996921979
23,30,174,10,0.0003644499975052895,0.0002582500001153676,0.00047789999734959565,0.0002640999991854187
24,30,217,10,0.008217599999625236,0.0008233999997173669,0.009141999998973915,0.000990500000625616
25,30,261,10,0.004505400000198279,0.0003324999979668064,0.00847559999965597,0.00041879999844240956
26,30,304,10,0.004408500000863569,0.0005146999992575729,0.00825260000056005,0.0006190999993123114
27,30,348,10,0.013144599999577622,0.000919999998586718,0.014110000000073342,0.0009964999990188517
28,30,391,10,0.0067918999993707985,0.0010125500011781696,0.012019400001008762,0.0011626000014075544
29,30,435,10,0.037862249999307096,0.003960599997299141,0.03842330000043148,0.004578099997161189
30,40,78,10,0.022950950000449666,0.0003007500017702114,0.023656699999264674,0.00033820000317064114
31,40,156,10,0.016926000000239583,0.0011389000010240125,0.03275209999992512,0.0016672000019752886
32,40,234,10,0.0025805000004766043,0.0022657499994238606,0.0030684000012115575,0.0026414999992994126
33,40,312,10,0.002041399999143323,0.0012796499995602062,0.0023636000005353708,0.0017728000020724721
34,40,390,10,0.02508185000078811,0.00277145000109158,0.03347809999831952,0.004029200001241406
35,40,468,10,0.02957224999954633,0.0018829500004358124,0.03496660000018892,0.002674200000910787
36,40,546,10,0.0009713500003272202,0.0016938499993557343,0.001051200000802055,0.00177590000021155
37,40,624,10,0.0013843500000803033,0.0017625000000407454,0.0014781999998376705,0.0021321999993233476
38,40,702,10,0.04579889999877196,0.004173650000666385,0.08851249999861466,0.005585800001426833
39,40,780,10,0.030769599998166086,0.001955250001628883,0.05807799999820418,0.002264000002469402
40,50,122,10,0.00919429999885324,0.0003433500005485257,0.013525499998650048,0.0004434000002220273
41,50,245,10,0.023974249999810127,0.00024230000053648837,0.024021400000492577,0.0003603000004659407
42,50,367,10,0.010963500000798376,0.001131250000980799,0.020474900000408525,0.001244400002178736
43,50,490,10,0.02889859999959299,0.0012652500008698553,0.03107069999896339,0.0014528000028803945
44,50,612,10,0.019767750000028173,0.0011343500009388663,0.03813649999938207,0.0014130000017757993
45,50,735,10,0.003017799999724957,0.003686700001708232,0.004622600001312094,0.005764700003055623
46,50,857,10,0.0028622999980143504,0.0025591000012354925,0.0036889999973936938,0.0035820000011881348
47,50,980,10,0.021203299998887815,0.0020084999996470287,0.040849500001058914,0.0028841999992437195
48,50,1102,10,0.027770649998274166,0.006019649999871035,0.05004389999885461,0.008221000000048662
49,50,1225,10,0.0029961000000184868,0.0019214000003557885,0.0035379000000830274,0.0020599000017682556
50,60,177,10,0.022263599999860162,0.00023395000062009785,0.02496679999967455,0.00032080000164569356
51,60,354,10,0.03686445000130334,0.001263199999812059,0.04621450000195182,0.0012839999981224537
52,60,531,10,0.06784535000224423,0.004600950000167359,0.09787500000311411,0.006860600002255524
53,60,708,10,0.002333800000997144,0.001416750001226319,0.0028703999996650964,0.0017258000007132068
54,60,885,10,0.002125999999407213,0.0034892500007117633,0.0022417000000132248,0.004720900000393158
55,60,1062,10,0.03338915000131237,0.004271949999747449,0.06010900000183028,0.00540019999971264
56,60,1239,10,0.06750970000030065,0.0066501499986770796,0.13266479999947478,0.008680399998411303
57,60,1416,10,0.04268489999958547,0.0033189999994647224,0.08326279999891995,0.004790200000570621
58,60,1593,10,0.04164879999916593,0.005146400000739959,0.07913969999935944,0.005794200002128491
59,60,1770,10,0.0451384500011045,0.008093500000541098,0.08697870000105468,0.009179000000585802
60,70,241,10,0.03152140000202053,0.0009661500007496215,0.031791000001248904,0.001447900001949165
61,70,483,10,0.046661950000270735,0.0009545499997329898,0.04864129999987199,0.0009801999985938892
62,70,724,10,0.032199900000705384,0.0030934000005800044,0.06266400000095018,0.004442500001459848
63,70,966,10,0.10071815000083006,0.005516250001164735,0.1105295000015758,0.005558500000915956
64,70,1207,10,0.0452935500015883,0.004770249999637599,0.08812460000262945,0.005137500000273576
65,70,1449,10,0.08047300000180257,0.013208049998866045,0.15705540000271867,0.0162345999997342
66,70,1690,10,0.006618899999011774,0.005979950001346879,0.010638899999321438,0.008945400000811787
67,70,1932,10,0.05852409999897645,0.006112550001489581,0.1125687999992806,0.0066899000012199394
68,70,2173,10,0.06165005000002566,0.00572929999907501,0.11799880000035046,0.006601599998248275
69,70,2415,10,0.19970809999904304,0.0177528500007611,0.25188409999827854,0.01805450000028941
70,80,316,10,0.20349995000105991,0.0016918500004976522,0.20732789999965462,0.0017823999987740535
71,80,632,10,0.03437870000016119,0.0017643000010139076,0.06778889999986859,0.0033471999995526858
72,80,948,10,0.0023114999985409668,0.0018719500003498979,0.0027950999974564184,0.0025849999983620364
73,80,1264,10,0.109303600002022,0.0043087499998364365,0.21500460000243038,0.004687599997851066
74,80,1580,10,0.003998000000137836,0.0045949499999551335,0.004212499999994179,0.005520599999726983
75,80,1896,10,0.22881484999925306,0.009925500000463217,0.27153869999892777,0.010475400002178503
76,80,2212,10,0.010334299999158247,0.013011000000915374,0.015151399999012938,0.02056340000126511
77,80,2528,10,0.08606044999942242,0.0076928500002395594,0.16641619999791146,0.010881199999857927
78,80,2844,10,0.14876864999860118,0.009876950000034412,0.29149929999766755,0.01141260000076727
79,80,3160,10,0.0085950499997125,0.01211900000089372,0.010150800000701565,0.01241420000224025
80,90,400,10,0.06370929999866348,0.0006804000004194677,0.12627699999939068,0.0010938999985228293
81,90,801,10,0.053573600000163424,0.0018039499991573393,0.10580409999965923,0.0030168999983288813
82,90,1201,10,0.07640424999954121,0.005827350001709419,0.15032059999794,0.007634100002178457
83,90,1602,10,0.005683449999196455,0.0035967999992863042,0.006348499999148771,0.005597799998213304
84,90,2002,10,0.32441984999786655,0.009903300000587478,0.38163449999774457,0.011759000000893138
85,90,2403,10,0.1609430499993323,0.02594735000093351,0.30556829999841284,0.029353500001889188
86,90,2803,10,0.26943444999960775,0.017344450001473888,0.5259729999997944,0.018510500001866603
87,90,3204,10,0.3443899500016414,0.01580900000044494,0.35127510000165785,0.01583820000087144
88,90,3604,10,0.010769950000394601,0.015103199999430217,0.011767600000894163,0.01598530000046594
89,90,4005,10,0.45330345000002126,0.04328990000067279,0.5240231999996467,0.059527800000068964
90,100,495,10,0.0022325999998429324,0.0012735500004055211,0.002538799999456387,0.002140000000508735
91,100,990,10,0.003489299997454509,0.0031588000001647742,0.0044586999974853825,0.003924500000721309
92,100,1485,10,0.11075365000033344,0.005050150000897702,0.21670570000060252,0.0056251999994856305
93,100,1980,10,0.127410900000541,0.010507549999601906,0.2477361999990535,0.011732499999197898
94,100,2475,10,0.1649164499995095,0.008558649999031331,0.319783599999937,0.010838099999091355
95,100,2970,10,0.50033484999949,0.020925200000419863,0.9923445999993419,0.03801759999987553
96,100,3465,10,0.1958850999999413,0.0101579500023945,0.3812227999987954,0.012236000002303626
97,100,3960,10,0.01695474999905855,0.019138699999530218,0.024018899999646237,0.02164219999758643
98,100,4455,10,0.6182878500003426,0.031861100000242004,1.2255229000002146,0.04739970000082394
99,100,4950,10,0.8227708000013081,0.033901849998073885,1.1852608000008331,0.043043699999543605
100,10,4,100,2.0449999283300713e-05,8.499999239575118e-06,2.2399999579647556e-05,1.0600000678095967e-05
101,10,9,100,1.2399999832268804e-05,8.299997716676444e-06,1.9499999325489625e-05,1.2099997547920793e-05
102,10,13,100,0.0001654999996389961,1.0750000001280569e-05,0.00018319999799132347,1.1699998140102252e-05
103,10,18,100,0.00011264999920967966,9.0000012278324e-06,0.00016250000044237822,1.1000000085914508e-05
104,10,22,100,8.849999903759453e-05,1.849999898695387e-05,0.0001644000003580004,3.139999898849055e-05
105,10,27,100,0.00015630000234523322,5.03999999637017e-05,0.0002503000032447744,8.330000127898529e-05
106,10,31,100,0.000300749999951222,6.479999865405262e-05,0.00036249999902793206,9.229999704984948e-05
107,10,36,100,0.0005163499990885612,0.00022920000083104242,0.0008535999986634124,0.0002457000009599142
108,10,40,100,0.00043790000017907005,7.200000072771218e-05,0.00045310000132303685,8.470000102533959e-05
109,10,45,100,0.0005733999987569405,0.0013096500006213319,0.0008190999978978653,0.0024539000005461276
110,20,19,100,0.0002854999984265305,3.184999877703376e-05,0.00047989999802666716,4.059999992023222e-05
111,20,38,100,0.0010589999983494636,0.00010790000123961363,0.001673099999607075,0.00015160000111791305
112,20,57,100,0.0008830999995552702,0.00011794999954872765,0.0017416000009689014,0.00022759999774280004
113,20,76,100,0.0012609499990503537,0.0002060999995592283,0.002287100000103237,0.0002502999996067956
114,20,95,100,0.002245599998786929,0.0002880000010918593,0.004123899998376146,0.00035800000114249997
115,20,114,100,0.004066000001330394,0.0004274500006431481,0.00733580000087386,0.0005033000015828293
116,20,133,100,0.0005542999988392694,0.001781100001608138,0.000707499999407446,0.0028384000033838674
117,20,152,100,0.004601149999871268,0.0009536999987176387,0.006270599998970283,0.0013637999982165638
118,20,171,100,0.007330450000154087,0.001385449999361299,0.010702600000513485,0.002046699999482371
119,20,190,100,0.0005779499988420866,0.0013855500001227483,0.0006552999984705821,0.0015751999999338295
120,30,43,100,0.0030272500007413328,0.00012725000124191865,0.00601720000122441,0.00023320000036619604
121,30,87,100,0.003005950000442681,0.00018970000019180588,0.005501600000570761,0.0002998999989358708
122,30,130,100,0.0007625500002177432,0.0010000500005844515,0.0009668000020610634,0.0015526999995927326
123,30,174,100,0.005535649999728776,0.0006950999995751772,0.009821100000408478,0.0010604000017337967
124,30,217,100,0.00879709999935585,0.00198265000108222,0.01638729999831412,0.0030992000029073097
125,30,261,100,0.014402599999812082,0.0015241999990394106,0.01581100000112201,0.0019858999985444825
126,30,304,100,0.000720599999112892,0.0006734999988111667,0.000721799999155337,0.0007717999978922307
127,30,348,100,0.003159649999361136,0.002031399999395944,0.003504100001009647,0.0027498999988893047
128,30,391,100,0.020430249998753425,0.0024745000009716023,0.023726899999019224,0.0037635000007867347
129,30,435,100,0.0451445499984402,0.00975309999921592,0.07219489999988582,0.016930300000240095
130,40,78,100,0.007670999999390915,0.0005655499990098178,0.010346399998525158,0.000662200000078883
131,40,156,100,0.02536310000141384,0.0006696500004181871,0.04791090000071563,0.000990000000456348
132,40,234,100,0.0014950000004319008,0.004255950001606834,0.0016821999997773673,0.00727760000154376
133,40,312,100,0.05602904999977909,0.0023768499995640013,0.06092050000006566,0.003579899999749614
134,40,390,100,0.023490199999287142,0.002260399998704088,0.04446929999903659,0.002330499999516178
135,40,468,100,0.017553550000229734,0.002471349998813821,0.03263080000033369,0.003990099998190999
136,40,546,100,0.021459700001287274,0.002487549998477334,0.04177650000201538,0.003663899999082787
137,40,624,100,0.0035768999987340067,0.0017220500012626871,0.00378659999842057,0.0025806000012380537
138,40,702,100,0.0038320000003295718,0.0026284500017936807,0.00587939999968512,0.003640300001279684
139,40,780,100,0.0034451999999873806,0.0062888499996915925,0.004952300001605181,0.0066001000013784505
140,50,122,100,0.02161069999965548,0.0002205500004492933,0.024188299998058937,0.0003372000028321054
141,50,245,100,0.019364099998711026,0.0004859000000578817,0.03781449999951292,0.0006270000012591481
142,50,367,100,0.04859089999990829,0.0012806000013370067,0.05492079999748967,0.0015227000003505964
143,50,490,100,0.049970800000664894,0.002144600000974606,0.09477719999995315,0.002984300001116935
144,50,612,100,0.07173755000076198,0.0050714999979390996,0.13988670000253478,0.0061317999970924575
145,50,735,100,0.06316655000046012,0.00793129999874509,0.12095720000070287,0.00956439999936265
146,50,857,100,0.013925749999543768,0.007309049999093986,0.022616899997956352,0.012043499998981133
147,50,980,100,0.13600140000016836,0.012639800001124968,0.20354040000165696,0.01846540000042296
148,50,1102,100,0.07324760000119568,0.0106919999980164,0.13286920000246027,0.012777199997799471
149,50,1225,100,0.13867455000217888,0.01772979999987001,0.26837110000269604,0.020100499998079613
150,60,177,100,0.06842599999981758,0.0005380999991757562,0.1356048000016017,0.0006567999989783857
151,60,354,100,0.18570350000118196,0.002214849999290891,0.345793100001174,0.0037527999993471894
152,60,531,100,0.1073401499997999,0.01532384999882197,0.1985208000005514,0.023099599999113707
153,60,708,100,0.09970554999927117,0.007479199999579578,0.1938774000009289,0.009298500001023058
154,60,885,100,0.14731625000058557,0.009722150000015972,0.2847365000015998,0.014292200001364108
155,60,1062,100,0.147800400000051,0.014243750001696753,0.28855169999951613,0.02007940000112285
156,60,1239,100,0.13400725000064995,0.016944299999522627,0.25577350000094157,0.018727700000454206
157,60,1416,100,0.2055481499992311,0.016927999997278675,0.307053000000451,0.021684699997422285
158,60,1593,100,0.18433534999894619,0.008809349999864935,0.24263739999878453,0.008954600001743529
159,60,1770,100,0.01606270000047516,0.02791099999922153,0.019787699999142205,0.03947139999945648
160,70,241,100,0.07675229999949806,0.00351674999910756,0.15344439999898896,0.006992599999648519
161,70,483,100,0.0846228999998857,0.0009483000012551202,0.1662155999983952,0.0011974000008194707
162,70,724,100,0.05882799999926647,0.00482200000078592,0.11520870000094874,0.0057381000005989335
163,70,966,100,0.13095480000083626,0.00926660000004631,0.2586994000012055,0.010846199998923112
164,70,1207,100,0.12253120000059425,0.01209999999991851,0.24030140000104439,0.018474600001354702
165,70,1449,100,0.0039024000016070204,0.007479449997845222,0.004406500000186497,0.007527399997343309
166,70,1690,100,0.12414049999824783,0.019292549999590847,0.2394797999986622,0.03282000000035623
167,70,1932,100,0.1580658000002586,0.009425500000361353,0.31043940000017756,0.01364340000145603
168,70,2173,100,0.262445000000298,0.010897549998844624,0.3243234000001394,0.011687899997923523
169,70,2415,100,0.008031949999349308,0.01393255000039062,0.008767999999690801,0.019615500001236796
170,80,316,100,0.03017655000076047,0.0005716499981645029,0.05874910000056843,0.0007133999970392324
171,80,632,100,0.11620030000085535,0.005965950000245357,0.22932030000083614,0.011188200001924997
172,80,948,100,0.1644476500005112,0.0060146000014356105,0.20904650000011316,0.007391099999949802
173,80,1264,100,0.1682648000005429,0.004450849999557249,0.18086419999963255,0.006444399998144945
174,80,1580,100,0.15162359999885666,0.016059800000221003,0.2989954000004218,0.026804299999639625
175,80,1896,100,0.10080310000012105,0.009353299999929732,0.194466699998884,0.012539300001662923
176,80,2212,100,0.45211394999932963,0.049875249997057836,0.8951496999980009,0.08851079999658396
177,80,2528,100,0.4097874999988562,0.09350179999819375,0.7993335999999545,0.1445261999979266
178,80,2844,100,0.007329349999054102,0.018112449999534874,0.008097499998257263,0.026037999999971362
179,80,3160,100,0.0077219999984663446,0.013012399998842739,0.008573799997975584,0.01416139999855659
180,90,400,100,0.03861670000151207,0.0009493500001553912,0.07515100000091479,0.0011455999992904253
181,90,801,100,0.07940149999922141,0.0026376999994681682,0.1460029999980179,0.004015899998194072
182,90,1201,100,0.003469649998805835,0.00352270000075805,0.0037843999998585787,0.005249400001048343
183,90,1602,100,0.46370390000083717,0.014849049999611452,0.6499466000022949,0.01967549999972107
184,90,2002,100,0.2028244499997527,0.009855050000624033,0.40014739999969606,0.015752400002384093
185,90,2403,100,0.009778900001037982,0.025417799999559065,0.011880100002599647,0.039307899998675566
186,90,2803,100,1.1670406000012008,0.08370194999952218,1.2844921000032627,0.11659929999950691
187,90,3204,100,0.38356765000025916,0.03225579999889305,0.7512256000009074,0.04562149999765097
188,90,3604,100,0.011151650000101654,0.013679499998033862,0.0132393999992928,0.014521599998261081
189,90,4005,100,0.009968150001441245,0.01471385000149894,0.011386300000594929,0.015710400002717506
190,100,495,100,0.056528649998654146,0.0033720499977789586,0.1094104999974661,0.005054999997810228
191,100,990,100,0.19157934999930148,0.006137749998742947,0.19869459999972605,0.007444399998348672
192,100,1485,100,0.1895624000007956,0.015424950001033721,0.3743610000019544,0.02657530000215047
193,100,1980,100,0.004936900000757305,0.0074112000002060086,0.005500900002516573,0.010838900001544971
194,100,2475,100,0.33765555000172753,0.012635799999770825,0.6674725000011676,0.01642379999975674
195,100,2970,100,0.24309974999960104,0.02957935000085854,0.46962100000018836,0.04870640000081039
196,100,3465,100,0.6117953499979194,0.053839700000025914,0.6194036999986565,0.08966629999849829
197,100,3960,100,0.2153010500005621,0.024164000000382657,0.40802890000122716,0.026387500001874287
198,100,4455,100,0.03494064999904367,0.06670049999956973,0.035690699998667696,0.0817414999983157
199,100,4950,100,0.8618215499991493,0.1286912499999744,0.8693652000001748,0.1730829999978596
200,10,4,500,0.00013874999967811164,1.869999869086314e-05,0.0002491999985068105,1.9899998733308166e-05
201,10,9,500,0.00039524999920104165,2.9050002922303975e-05,0.0007716000000073109,3.340000330354087e-05
202,10,13,500,0.00010934999954770319,1.8750000890577212e-05,0.00017970000044442713,2.220000169472769e-05
203,10,18,500,0.0004034000012325123,0.00010454999937792309,0.0004555000014079269,0.00010539999857428484
204,10,22,500,0.0010605499992379919,0.0004390499998407904,0.001442299999325769,0.0007399999994959217
205,10,27,500,0.0007423000006383518,0.0002116999985446455,0.0007501000000047497,0.0002330999996047467
206,10,31,500,0.0020999999997002305,0.00023809999947843608,0.002185599998483667,0.0002750999992713332
207,10,36,500,0.0050845500009018,0.0001513499992142897,0.009320500001194887,0.00019379999866941944
208,10,40,500,0.0016882500003703171,0.00022175000049173832,0.0031730000009702053,0.0003584000005503185
209,10,45,500,0.0034931499994854676,0.0026099500009877374,0.005243700001301477,0.004302699999243487
210,20,19,500,0.0001556999995955266,2.6449999495525844e-05,0.0002868000010494143,3.229999856557697e-05
211,20,38,500,0.04307610000068962,0.006600150001759175,0.07781439999962458,0.01250620000064373
212,20,57,500,0.04008235000219429,0.0013375500002439367,0.07945930000278167,0.0025757999974302948
213,20,76,500,0.006757850000212784,0.0009147999990091193,0.008852099999785423,0.0011296999982732814
214,20,95,500,0.012026500000501983,0.0008368499984499067,0.021539500001381384,0.0012865999997302424
215,20,114,500,0.029884850000598817,0.00213400000029651,0.03847049999967567,0.002907900001446251
216,20,133,500,0.009417100000064238,0.004536349999398226,0.017114600002969382,0.004872199999226723
217,20,152,500,0.007131899999876623,0.0026246999987051822,0.013450599999487167,0.003908899998350535
218,20,171,500,0.025575499999831663,0.00610660000165808,0.028541600000608014,0.010455499999807216
219,20,190,500,0.0015213500009849668,0.005744100000811159,0.0016730000024836045,0.007752299999992829
220,30,43,500,0.0037429999974847306,4.959999932907522e-05,0.0073965999981737696,6.639999992330559e-05
221,30,87,500,0.007297999998627347,0.0001020500003505731,0.014567199999873992,0.00015050000001792796
222,30,130,500,0.014440900000408874,0.0008449499982816633,0.015787600001203828,0.0009821999992709607
223,30,174,500,0.011261400002695154,0.0007211999982246198,0.02111730000251555,0.0009513999975752085
224,30,217,500,0.031214499998895917,0.002217150000433321,0.03705249999984517,0.0029108000017004088
225,30,261,500,0.01895890000196232,0.00294939999912458,0.0362438000011025,0.003589199997804826
226,30,304,500,0.01811305000046559,0.001645549999011564,0.03461220000099274,0.001896199999464443
227,30,348,500,0.031478400000196416,0.0027530000006663613,0.03180920000158949,0.0031221999997796956
228,30,391,500,0.03360285000053409,0.004575999999360647,0.03368849999969825,0.005137799998919945
229,30,435,500,0.018912350000391598,0.0050323000014032004,0.035199800000555115,0.005753900000854628
230,40,78,500,0.006144450000647339,6.865000068501104e-05,0.012267099999007769,0.00012140000035287812
231,40,156,500,0.013263349997941987,0.001520100000561797,0.013826899998093722,0.002542000001994893
232,40,234,500,0.0006410500009224052,0.00038984999991953373,0.0006519000016851351,0.0005759000014222693
233,40,312,500,0.01676084999780869,0.0007775499998388113,0.01794279999739956,0.0008866999996826053
234,40,390,500,0.0525827500023297,0.004971050000676769,0.05696200000238605,0.005594599999312777
235,40,468,500,0.02658644999974058,0.0041611500000726664,0.048731700000644196,0.006776700000045821
236,40,546,500,0.023333249999268446,0.0018935999996756436,0.023616099999344442,0.0021772000000055414
237,40,624,500,0.026419099998747697,0.0025177999996230938,0.0266139999985171,0.0032279000006383285
238,40,702,500,0.0016079499982879497,0.001656399999774294,0.0017817999978433363,0.0017774000007193536
239,40,780,500,0.016793199998573982,0.002947650000351132,0.032364499998948304,0.0041922000018530525
240,50,122,500,0.015401700000438723,0.0001175500001409091,0.016545599999517435,0.00011939999967580661
241,50,245,500,0.024258900000859285,0.0005134499988344032,0.025453300000663148,0.0007249999980558641
242,50,367,500,0.015945049999572802,0.0011099500006821472,0.03064569999696687,0.00127269999939017
243,50,490,500,0.04216020000058052,0.002597199998490396,0.08113249999951222,0.003674199997476535
244,50,612,500,0.04114854999897943,0.0013761500013060868,0.04786709999825689,0.001603400000021793
245,50,735,500,0.020005000002129236,0.0028754499999195104,0.03803460000199266,0.002882000000681728
246,50,857,500,0.050551899998026784,0.003740250000191736,0.09796829999686452,0.004075900000316324
247,50,980,500,0.09198755000033998,0.009582750000845408,0.1241267000004882,0.015128600000025472
248,50,1102,500,0.027651199998217635,0.004666650000217487,0.05044129999805591,0.005090899998322129
249,50,1225,500,0.07552299999952083,0.0068463499992503785,0.14717089999976452,0.009799299998121569
250,60,177,500,0.0029056999992462806,0.0013520500015147263,0.0047451999998884276,0.0024908000013965648
251,60,354,500,0.019223299999794108,0.0006088499994802987,0.037391900001239264,0.0006264000003284309
252,60,531,500,0.044305150000582216,0.001838849999330705,0.044362699998600874,0.0021411999987321906
253,60,708,500,0.0703176999995776,0.005003849999411614,0.09117539999715518,0.005258999997749925
254,60,885,500,0.03042769999774464,0.0031918999993649777,0.058041999996930826,0.004051799998705974
255,60,1062,500,0.031003600000985898,0.004307200000766898,0.05954060000294703,0.005317200000718003
256,60,1239,500,0.06621450000056939,0.0068879499995091464,0.06623810000019148,0.007192400000349153
257,60,1416,500,0.0032284999997500563,0.004447849998541642,0.0032405999991169665,0.004709699998784345
258,60,1593,500,0.08389165000153298,0.007274949999555247,0.08689980000053765,0.008473699999740347
259,60,1770,500,0.004101649998119683,0.006420099998649675,0.004978499997378094,0.006652299998677336
260,70,241,500,0.03515374999733467,0.0005550999994738959,0.03677409999727388,0.0007772999997541774
261,70,483,500,0.002270350001708721,0.0017683000023680506,0.002875600002880674,0.0024083000025711954
262,70,724,500,0.032720750001317356,0.0032339500012312783,0.06239610000193352,0.005256200001895195
263,70,966,500,0.05602184999770543,0.006006800000250223,0.10433329999796115,0.008440800000244053
264,70,1207,500,0.051531100001739105,0.005610250000245287,0.09882530000322731,0.0056953999992401805
265,70,1449,500,0.12162125000031665,0.006138000000646571,0.1325926999998046,0.009148500001174398
266,70,1690,500,0.14923984999950335,0.024279900000692578,0.2860387000000628,0.029959200001030695
267,70,1932,500,0.26237864999893645,0.03565525000158232,0.4008808999969915,0.06152780000047642
268,70,2173,500,0.14362535000145726,0.01049830000010843,0.15778590000263648,0.013606500000605593
269,70,2415,500,0.006811000002926448,0.020838050002566888,0.007788600003550528,0.023767000002408167
270,80,316,500,0.06487685000138299,0.0017783000021154294,0.07296290000158479,0.0019248000025982037
271,80,632,500,0.05150925000089046,0.006149549999463488,0.09026290000110748,0.011053499998524785
272,80,948,500,0.11231860000043525,0.004569049999190611,0.11296030000085011,0.006381899998814333
273,80,1264,500,0.05814699999973527,0.010243099999570404,0.11180269999749726,0.013188199998694472
274,80,1580,500,0.07846509999944828,0.005754249999881722,0.15000299999883282,0.005802100000437349
275,80,1896,500,0.1216684000009991,0.017700450000120327,0.2271814000014274,0.02954440000030445
276,80,2212,500,0.005880099999558297,0.009904299999107025,0.00723429999925429,0.014959599997382611
277,80,2528,500,0.10252719999880355,0.018354749998252373,0.1971653000000515,0.0222641999971529
278,80,2844,500,0.11243194999951811,0.014317549999759649,0.21709310000005644,0.014605999997002073
279,80,3160,500,0.46859855000002426,0.025170499999148888,0.6664407999996911,0.0326798999994935
280,90,400,500,0.002014400000916794,0.0019127499999740394,0.0022725999988324475,0.0035390000011830125
281,90,801,500,0.05606975000046077,0.0019044000000576489,0.1078750000015134,0.002707100000407081
282,90,1201,500,0.004320849999203347,0.0014645999999629566,0.004468399998586392,0.001784899999620393
283,90,1602,500,0.0033643499973550206,0.00397519999933138,0.0037487999979930464,0.004787300000316463
284,90,2002,500,0.3367920500004402,0.0204611000008299,0.4527678999984346,0.03466449999905308
285,90,2403,500,0.0171567999987019,0.02878930000042601,0.02732760000071721,0.039915000001201406
286,90,2803,500,0.008272549999674084,0.010935400001471862,0.009466400002565933,0.014833100001851562
287,90,3204,500,0.27504994999981136,0.013531500000681262,0.5395920000009937,0.013777399999526097
288,90,3604,500,0.4271920500013948,0.024371350000365055,0.45050980000087293,0.025909100000717444
289,90,4005,500,0.013835199999448378,0.032130850000612554,0.01752900000064983,0.045898700001998805
290,100,495,500,0.0023431999998138053,0.0008192499990400393,0.0025433999981032684,0.0008439999983238522
291,100,990,500,0.16044479999982286,0.005924750001213397,0.17117440000220085,0.00731630000154837
292,100,1485,500,0.18987230000129784,0.01013155000146071,0.37633629999982077,0.010745100000349339
293,100,1980,500,0.14614050000091083,0.011294250001810724,0.28479280000101426,0.013321300000825431
294,100,2475,500,0.01393360000110988,0.03405025000029127,0.018147200000385055,0.04922390000137966
295,100,2970,500,0.28837045000182115,0.040892900000471855,0.5507503000008,0.05470179999974789
296,100,3465,500,0.012689350001892308,0.01825260000077833,0.01510930000222288,0.018328400001337286
297,100,3960,500,0.3873251500008337,0.016161850000571576,0.7556786000022839,0.018469400001777103
298,100,4455,500,0.7099584499974299,0.02865304999977525,0.909156299996539,0.03214110000044457
299,100,4950,500,0.03234155000063765,0.07713119999971241,0.035161399999196874,0.08090739999897778
300,10,4,1000,0.00010749999819381628,1.835000148275867e-05,0.0001880999989225529,2.010000025620684e-05
301,10,9,1000,1.779999911377672e-05,1.0649999239831232e-05,2.1699997887481004e-05,1.1899999663000926e-05
302,10,13,1000,0.00017890000162879005,6.230000144569203e-05,0.0002750000021478627,6.910000229254365e-05
303,10,18,1000,0.0023925999994389713,0.00010294999810867012,0.003909099999873433,0.0001176999976451043
304,10,22,1000,0.00034499999856052455,0.00035970000135421287,0.0006652999982179608,0.0007108000027074013
305,10,27,1000,0.0010781500004668487,0.0001521499998489162,0.001199100002850173,0.00021329999799490906
306,10,31,1000,0.0002754500001174165,0.00010464999832038302,0.00032610000198474154,0.00011019999874406494
307,10,36,1000,0.00015755000094941352,8.420000085607171e-05,0.0001928000019688625,8.750000051804818e-05
308,10,40,1000,0.00027084999965154566,0.00010624999958963599,0.0004298999992897734,0.0001598999988345895
309,10,45,1000,0.00017019999904732686,0.00012895000145363156,0.0001816000003600493,0.0001453000004403293
310,20,19,1000,3.170000127283856e-05,1.2149997928645462e-05,4.140000237384811e-05,1.309999788645655e-05
311,20,38,1000,0.0016052000009949552,9.549999958835542e-05,0.0018612000021676067,0.0001564999984111637
312,20,57,1000,0.003018149998752051,0.00016024999968067277,0.005519999998796266,0.00020769999900949188
313,20,76,1000,0.0005471000004035886,0.00038395000046875793,0.0005902999982936308,0.0004073999989486765
314,20,95,1000,0.0007412499999190914,0.00026479999905859586,0.0007589999986521434,0.00048149999929592013
315,20,114,1000,0.005937450001511024,0.0008708000004844507,0.01080280000314815,0.0009133000021392945
316,20,133,1000,0.01161820000197622,0.003032050000911113,0.01243100000283448,0.003596599999582395
317,20,152,1000,0.011944249998123269,0.001838050000515068,0.014235799997550203,0.0031244999991031364
318,20,171,1000,0.010927350000201841,0.002273899999636342,0.011492199999338482,0.0031390999974973965
319,20,190,1000,0.022964499999943655,0.0038157499984663446,0.026294100000086473,0.004732499997771811
320,30,43,1000,3.744999958144035e-05,2.5150000510620885e-05,3.7900001188972965e-05,2.5699999241624027e-05
321,30,87,1000,0.01856594999844674,0.00020559999938996043,0.02302149999741232,0.00021349999951780774
322,30,130,1000,0.03296605000286945,0.0009275999982492067,0.0645840000033786,0.0014831999978923704
323,30,174,1000,0.014889449998008786,0.001126200000726385,0.02836129999923287,0.001171500000054948
324,30,217,1000,0.01992104999953881,0.001883500000985805,0.03809449999971548,0.001917699999467004
325,30,261,1000,0.002320450001207064,0.00211095000122441,0.003246600001148181,0.0026513000011618715
326,30,304,1000,0.03924944999744184,0.006280350000452017,0.0409479999980249,0.008432599999650847
327,30,348,1000,0.034006149999186164,0.003909950000888784,0.03473339999982272,0.00426290000177687
328,30,391,1000,0.037257750000208034,0.007952400001158821,0.04111499999999069,0.008234400000219466
329,30,435,1000,0.0034917499997391133,0.0021681500002159737,0.004858899999817368,0.002607400001579663
330,40,78,1000,0.015721000001576613,8.764999984123278e-05,0.031420300001627766,0.00015970000094966963
331,40,156,1000,0.02041549999921699,0.000772299999880488,0.03958009999769274,0.0009123999989242293
332,40,234,1000,0.030415249999350635,0.0037153500015847385,0.05778410000129952,0.004695300001912983
333,40,312,1000,0.07784050000009302,0.0033983499997702893,0.14996120000068913,0.0045405999990180135
334,40,390,1000,0.035628199999337085,0.038216500000999076,0.06642999999894528,0.06552130000272882
335,40,468,1000,0.03478424999957497,0.005265900001177215,0.06574279999767896,0.006023300000379095
336,40,546,1000,0.07230565000099887,0.006147100000816863,0.0795553000025393,0.006932700001925696
337,40,624,1000,0.04777450000074168,0.00458384999910777,0.09375080000245362,0.00817280000046594
338,40,702,1000,0.06387759999961418,0.018159750001359498,0.12256239999987883,0.03241830000115442
339,40,780,1000,0.10732899999857182,0.008773149998887675,0.10849529999904917,0.009137199998804135
340,50,122,1000,0.025013200000103097,0.00047375000031024683,0.04998239999986254,0.0009181000023090746
341,50,245,1000,0.0016811499972391175,0.0007740500004729256,0.002154799996787915,0.0013188000011723489
342,50,367,1000,0.16089775000000373,0.0018619500024215085,0.2303040000006149,0.002344600001379149
343,50,490,1000,0.052191599999787286,0.005272299998978269,0.10075180000058026,0.00680129999818746
344,50,612,1000,0.06595029999880353,0.008199949999834644,0.1268272999986948,0.00861559999975725
345,50,735,1000,0.07332480000150099,0.009619150001526577,0.14053590000185068,0.009689000002254033
346,50,857,1000,0.22051060000012512,0.01151430000027176,0.3235989000022528,0.01307230000020354
347,50,980,1000,0.08037604999844916,0.010467500000231666,0.15367949999927077,0.014821599997958401
348,50,1102,1000,0.04724089999945136,0.009236899999450543,0.08815580000009504,0.010431400001834845
349,50,1225,1000,0.007459400001607719,0.01098344999809342,0.00797440000314964,0.013860399998520734
350,60,177,1000,0.0460492999991402,0.000931549999222625,0.058206599998811726,0.0014601000002585351
351,60,354,1000,0.06785484999818436,0.0010817499987751944,0.08252149999680114,0.0015053999995870981
352,60,531,1000,0.1276628499999788,0.006228600001122686,0.15092060000097263,0.009281800001190277
353,60,708,1000,0.06510079999861773,0.008523950000380864,0.12239109999791253,0.009780300002603326
354,60,885,1000,0.03827445000024454,0.005634249999275198,0.0734775000018999,0.00798669999858248
355,60,1062,1000,0.1356243499994889,0.011320200001136982,0.16774639999857754,0.018069600002490915
356,60,1239,1000,0.15898969999943802,0.008733399999982794,0.31528049999906216,0.014891599999828031
357,60,1416,1000,0.04973640000025625,0.007036000000880449,0.09185689999867463,0.008116600001812913
358,60,1593,1000,0.11749470000177098,0.009586950000084471,0.23096880000230158,0.015467599998373771
359,60,1770,1000,0.12042219999966619,0.008995449999929406,0.23255609999978333,0.01370630000019446
360,70,241,1000,0.0014218500000424683,0.00021095000010973308,0.0017173999985971022,0.0003606999998737592
361,70,483,1000,0.15474210000138555,0.005556050000450341,0.2231067000029725,0.009019599998282501
362,70,724,1000,0.10251495000011346,0.005548650000491762,0.12819000000308733,0.008006700001715217
363,70,966,1000,0.2672207999985403,0.010033349999503116,0.3794997999975749,0.014581199997337535
364,70,1207,1000,0.05665575000057288,0.007800649998898734,0.11007650000101421,0.009908699998049997
365,70,1449,1000,0.10530800000015006,0.008679050000864663,0.10592890000043553,0.009653000000980683
366,70,1690,1000,0.20414050000181305,0.012002749997918727,0.2848771000026318,0.017729699997289572
367,70,1932,1000,0.06556439999985741,0.008416799999395153,0.12581919999865931,0.011930799999390729
368,70,2173,1000,0.07441359999938868,0.009582000000591506,0.14434429999892018,0.00995110000076238
369,70,2415,1000,0.10318605000065872,0.02549005000037141,0.15782140000010259,0.04386979999981122
370,80,316,1000,0.005159500000445405,0.0013864500015188241,0.006938600003195461,0.0017891000024974346
371,80,632,1000,0.005334800000127871,0.00892894999924465,0.005955399999947986,0.010440699999890057
372,80,948,1000,0.13965929999903892,0.03204295000068669,0.2674736999979359,0.05490230000214069
373,80,1264,1000,0.008581150001191418,0.008894749998944462,0.010728100001870189,0.009083299999474548
374,80,1580,1000,0.2633953000004112,0.02064464999784832,0.5193612000002759,0.02727999999842723
375,80,1896,1000,0.27505044999998063,0.015847949998715194,0.2941632000001846,0.017746199999237433
376,80,2212,1000,0.26081684999917343,0.013298099998792168,0.30356209999808925,0.01365319999968051
377,80,2528,1000,0.48973879999903147,0.02981260000160546,0.9732576999995217,0.04661350000242237
378,80,2844,1000,0.1825549499990302,0.02080029999888211,0.3546509000007063,0.023951399998622946
379,80,3160,1000,0.28822050000053423,0.045730749998256215,0.5592661000009684,0.04914699999790173
380,90,400,1000,0.13863089999904332,0.002263049998873612,0.16040489999795682,0.0029259999973874073
381,90,801,1000,0.052162699998007156,0.004988649998267647,0.09915869999895222,0.0059751999979198445
382,90,1201,1000,0.18870964999950957,0.010035950001110905,0.23319469999842113,0.013765100000455277
383,90,1602,1000,0.08313909999924363,0.012509000000136439,0.16012709999995423,0.016891499999474036
384,90,2002,1000,0.3766895000007935,0.015839599998798803,0.5164598000010301,0.021515099997486686
385,90,2403,1000,0.2797204499984218,0.02114340000116499,0.5473903999991308,0.026934900000924245
386,90,2803,1000,0.1437430999994831,0.009219049999956042,0.28228390000003856,0.009808999999222578
387,90,3204,1000,0.006836649999968358,0.008267100000011851,0.006857200001832098,0.008799200000794372
388,90,3604,1000,0.2213532000005216,0.029817349999575526,0.4340907000005245,0.03812349999861908
389,90,4005,1000,0.20644009999887203,0.03208540000014182,0.3989703000006557,0.03835610000169254
390,100,495,1000,0.10350120000111929,0.004348200000094948,0.10369870000067749,0.005983099999866681
391,100,990,1000,0.23431104999872332,0.007966999999553082,0.268742199998087,0.008606999999756226
392,100,1485,1000,0.00461284999801137,0.007368849997874349,0.004682799997681286,0.008888499996828614
393,100,1980,1000,0.004424900002049981,0.005732100000386708,0.004902700002276106,0.008198499999707565
394,100,2475,1000,0.12680009999894537,0.014011499999469379,0.24789289999898756,0.017819000000599772
395,100,2970,1000,0.14981034999982512,0.010825049999766634,0.2931974999992235,0.017772499999409774
396,100,3465,1000,0.17173605000061798,0.022584149997783243,0.33456740000110585,0.028283199997531483
397,100,3960,1000,0.46542405000036524,0.029762599999230588,0.5589403999983915,0.03418569999848842
398,100,4455,1000,0.3030694500012032,0.05036359999940032,0.5768263000027218,0.06511529999988852
399,100,4950,1000,0.7540550499998062,0.09017470000071626,0.7795614000024216,0.1217980000001262
0,10,4,2500,1.4250001186155714e-05,1.384999995934777e-05,1.620000330149196e-05,1.8399998225504532e-05
1,10,9,2500,0.00011024999912478961,1.1950000043725595e-05,0.000210899997910019,1.5699999494245276e-05
2,10,13,2500,0.00010549999933573417,3.4500000765547156e-05,0.0001975999985006638,4.6799999836366624e-05
3,10,18,2500,0.00015220000022964086,7.184999776654877e-05,0.0002891999974963255,0.0001291999979002867
4,10,22,2500,0.00031769999986863695,4.71500006824499e-05,0.0005880999997316394,7.74000000092201e-05
5,10,27,2500,0.00032579999970039353,5.695000072591938e-05,0.00043229999937466346,7.32000007701572e-05
6,10,31,2500,0.0007347500013565877,0.00011715000073309056,0.0010423000021546613,0.00018049999926006421
7,10,36,2500,0.0007357499998761341,0.00018074999934469815,0.0008969000009528827,0.0002817999993567355
8,10,40,2500,0.0008247500009019859,0.0001145999995060265,0.0012633000005735084,0.00012999999671592377
9,10,45,2500,8.035000064410269e-05,4.4949998482479714e-05,0.00011180000001331791,5.9399997553555295e-05
10,20,19,2500,1.4650000593974255e-05,1.8400000044493936e-05,1.720000000204891e-05,1.97000008483883e-05
11,20,38,2500,0.0014283500004239613,4.579999949783087e-05,0.0028105999990657438,5.9699999837903306e-05
12,20,57,2500,0.000991149998299079,5.6549999499111436e-05,0.001958799999556504,9.73999995039776e-05
13,20,76,2500,0.0006004499991831835,0.0001048499998432817,0.0010770000008051284,0.00012559999959194101
14,20,95,2500,0.0012232999979460146,9.035000039148144e-05,0.0021869999982300214,0.00013300000136950985
15,20,114,2500,0.002293949999511824,0.00042720000055851415,0.004353999996965285,0.0006614000012632459
16,20,133,2500,0.0031142000007093884,0.0002059500002360437,0.0033561000018380582,0.00024049999774433672
17,20,152,2500,0.0012965499990968965,0.00014249999912863132,0.002475500001310138,0.00024959999791462906
18,20,171,2500,0.0016475499996886356,0.0008366000001842622,0.002973700000438839,0.0012134999997215346
19,20,190,2500,0.0003464999990683282,0.00037214999974821694,0.0003713000005518552,0.0004044999986945186
20,30,43,2500,0.0005264999981591245,1.1400001312722452e-05,0.0009481999986746814,1.5000001440057531e-05
21,30,87,2500,0.0019611999996413942,0.00018759999875328504,0.003074600001127692,0.0002491999985068105
22,30,130,2500,0.00038409999979194254,0.00014699999883305281,0.00044749999869964086,0.00016709999908925965
23,30,174,2500,0.0003173000004608184,0.000337200001013116,0.0003864999998768326,0.0005696000007446855
24,30,217,2500,0.002988599999298458,0.0003686500003823312,0.005812299998069648,0.0006619000014325138
25,30,261,2500,0.0067555999994510785,0.0005576999992626952,0.006857499996840488,0.0006293000005825888
26,30,304,2500,0.008512199998222059,0.0006279999997786945,0.009107799996854737,0.0008956000019679777
27,30,348,2500,0.0007315500006370712,0.0008528499984095106,0.0007834000025468413,0.001102599999285303
28,30,391,2500,0.008855549998770584,0.001183149999633315,0.008899299999029608,0.0012731999995594379
29,30,435,2500,0.0008688500001881039,0.0008077500006038463,0.0009505000016361009,0.0010763000027509406
30,40,78,2500,6.385000051523093e-05,3.960000140068587e-05,0.00011079999967478216,5.230000169831328e-05
31,40,156,2500,0.009597149999535759,0.00014589999955205712,0.010378200000559445,0.0001838000025600195
32,40,234,2500,0.006318849998933729,0.0006120500001998153,0.011800799999036826,0.0007201000007626135
33,40,312,2500,0.015220799998132861,0.000494100002470077,0.01631739999720594,0.0005879000018467195
34,40,390,2500,0.009224999999787542,0.0009845000004133908,0.01748030000089784,0.0011656999995466322
35,40,468,2500,0.018762949999654666,0.002553700000134995,0.03634120000060648,0.0038093000002845656
36,40,546,2500,0.01727155000116909,0.001276950000828947,0.017899800001032418,0.0013461000016832259
37,40,624,2500,0.035539450000214856,0.0017650000008870848,0.05031700000108685,0.0017823999987740535
38,40,702,2500,0.013284399999974994,0.0018202000010205666,0.025020400000357768,0.002394700000877492
39,40,780,2500,0.001357199998892611,0.0012285499997233273,0.0014547999999194872,0.0015512999998463783
40,50,122,2500,0.009468850001212559,8.410000009462237e-05,0.010044300001027295,0.00011140000060549937
41,50,245,2500,0.008710350000910694,0.00027150000096298754,0.01739610000004177,0.0005145000031916425
42,50,367,2500,0.03460340000128781,0.0016494000010425225,0.0376568000028783,0.0019409000015002675
43,50,490,2500,0.013387299999521929,0.0010498999999981606,0.025956800000130897,0.0015958000003593042
44,50,612,2500,0.0012738500008708797,0.0010620499997457955,0.0013902999999118038,0.0013698000002477784
45,50,735,2500,0.017648900000494905,0.003762650001590373,0.0335536000020511,0.00553570000192849
46,50,857,2500,0.05790625000008731,0.004968849998476799,0.11115330000029644,0.00522879999698489
47,50,980,2500,0.040407649999906425,0.002156200000172248,0.046723999999812804,0.00246060000063153
48,50,1102,2500,0.002476450001267949,0.0016177499983314192,0.003438700001424877,0.0017601999970793258
49,50,1225,2500,0.04439749999983178,0.004525049998846953,0.05292619999818271,0.005419099998107413
50,60,177,2500,0.0010143500021513319,0.0004395499981910689,0.0012654000020120293,0.00047669999912614003
51,60,354,2500,0.024550550000640214,0.0007430500008922536,0.02526380000199424,0.0008377000012842473
52,60,531,2500,0.016496649999680812,0.0005916000009165145,0.03221729999859235,0.0008523000033164863
53,60,708,2500,0.02173785000013595,0.0014892499984853202,0.0421518000002834,0.002075599997624522
54,60,885,2500,0.02321730000039679,0.0030085500002314802,0.04372019999937038,0.004806600001757033
55,60,1062,2500,0.05541070000072068,0.004989200000636629,0.05542050000076415,0.006580599998414982
56,60,1239,2500,0.06618935000005877,0.003951750000851462,0.07062530000257539,0.004908800001430791
57,60,1416,2500,0.10866225000063423,0.0046392999993258854,0.15127530000245315,0.005032799999753479
58,60,1593,2500,0.0026901499986706767,0.00422584999796527,0.002768499998637708,0.004556199997750809
59,60,1770,2500,0.005181200000151875,0.0034788499997375766,0.00674309999885736,0.003522400002111681
60,70,241,2500,0.013802749999740627,0.0005014999987906776,0.027542899999389192,0.0009726999996928498
61,70,483,2500,0.021792800000184798,0.0014704999994137324,0.04158300000199233,0.0026472999998077285
62,70,724,2500,0.02701800000068033,0.0026663500011636643,0.05185189999974682,0.003336700003274018
63,70,966,2500,0.0024431999991065823,0.0032238999992841855,0.002915900000516558,0.003420699998969212
64,70,1207,2500,0.06947274999947695,0.005193850000068778,0.13680399999793735,0.00616720000107307
65,70,1449,2500,0.002692649999517016,0.003959600000598584,0.003437899998971261,0.006926099998963764
66,70,1690,2500,0.005501099998582504,0.004963800000041374,0.007740199998806929,0.005940600000030827
67,70,1932,2500,0.06374544999926002,0.008377199997994467,0.12388769999961369,0.011561099996470148
68,70,2173,2500,0.06255574999886448,0.00690270000086457,0.1142846999973699,0.00726339999891934
69,70,2415,2500,0.07263180000154534,0.006789549999666633,0.14174370000182535,0.00923770000008517
70,80,316,2500,0.02065710000169929,0.001030150000588037,0.03911140000127489,0.001404700000421144
71,80,632,2500,0.10798065000017232,0.0011553999993338948,0.15147459999934654,0.0014273999986471608
72,80,948,2500,0.004609850000633742,0.005451950000860961,0.007266000000527129,0.008597000000008848
73,80,1264,2500,0.11236930000086431,0.006152500000098371,0.14039609999963432,0.007976900000358
74,80,1580,2500,0.00348044999918784,0.0030903499991836725,0.004033099998196121,0.0038788999991083983
75,80,1896,2500,0.05583580000165966,0.0063081999996938976,0.10739110000213259,0.006319000000075903
76,80,2212,2500,0.16439184999762801,0.008015549999981886,0.18757799999730196,0.010248300000966992
77,80,2528,2500,0.17378854999878968,0.008958599997640704,0.1796675999976287,0.010289299996657064
78,80,2844,2500,0.119529199999306,0.008719100000234903,0.23352989999693818,0.011385000001610024
79,80,3160,2500,0.08354035000047588,0.010810699999638018,0.15826190000007045,0.01123100000040722
80,90,400,2500,0.02577135000137787,0.0005823999981657835,0.05031850000159466,0.0010262999967380892
81,90,801,2500,0.07511320000048727,0.003816649998043431,0.07559459999902174,0.004680599999119295
82,90,1201,2500,0.1108365500022046,0.0036879499984934228,0.12120960000174819,0.00553819999913685
83,90,1602,2500,0.003674150000733789,0.004228400001011323,0.00395349999962491,0.005363799999031471
84,90,2002,2500,0.12718260000110604,0.009443249999094405,0.24896170000283746,0.01510489999782294
85,90,2403,2500,0.18846950000079232,0.008166499999788357,0.2106485000003886,0.00894490000064252
86,90,2803,2500,0.102820950000023,0.01149394999993092,0.19745189999957802,0.016559899999265326
87,90,3204,2500,0.005822749999424559,0.008842349998303689,0.006011599998601014,0.010088099999848055
88,90,3604,2500,0.1909485499982111,0.024018049998630886,0.37499429999661515,0.038260699999227654
89,90,4005,2500,0.12840090000099735,0.01524260000041977,0.24843830000099842,0.016364499999326654
90,100,495,2500,0.08381385000029695,0.002620000001115841,0.09064570000191452,0.00341380000099889
91,100,990,2500,0.21857854999871051,0.004803249999895343,0.3309990999987349,0.007272699996974552
92,100,1485,2500,0.0035576000009314157,0.003345600000102422,0.003951900001993636,0.0034750999984680675
93,100,1980,2500,0.3949630499973864,0.018847399998776382,0.410263899997517,0.02650509999875794
94,100,2475,2500,0.1766353999992134,0.00716054999975313,0.3484305999991193,0.0074707999992824625
95,100,2970,2500,0.1165657999990799,0.007351349999225931,0.2276519000006374,0.009830599999986589
96,100,3465,2500,0.12595860000146786,0.014477200000328594,0.24451179999960004,0.017141000000265194
97,100,3960,2500,0.25870654999926046,0.020185350000247126,0.5096028000007209,0.029858000001695473
98,100,4455,2500,0.010950000001685112,0.01724600000125065,0.011149300000397488,0.01816340000004857
99,100,4950,2500,0.4020746499991219,0.021489650000148686,0.4318902999984857,0.02482149999923422
100,10,4,5000,9.350000254926272e-06,6.399999620043673e-06,1.4299999747890979e-05,9.399998816661537e-06
101,10,9,5000,7.840000034775585e-05,5.649999366141856e-06,0.00015269999857991934,7.899998308857903e-06
102,10,13,5000,3.749999450519681e-06,2.9000002541579306e-06,3.7999998312443495e-06,2.9000002541579306e-06
103,10,18,5000,2.664999738044571e-05,7.0499991124961525e-06,4.789999729837291e-05,8.699997124494985e-06
104,10,22,5000,6.10999995842576e-05,3.0449999030679464e-05,6.479999865405262e-05,4.3000000005122274e-05
105,10,27,5000,0.0005146500006958377,0.0001404999984515598,0.0006828000005043577,0.00019659999816212803
106,10,31,5000,0.00014534999900206458,7.520000144722871e-05,0.00017149999985122122,9.760000102687627e-05
107,10,36,5000,0.0002210000002378365,9.635000060370658e-05,0.0003452000019024126,0.00010449999899719842
108,10,40,5000,7.420000110869296e-05,3.574999936972745e-05,7.710000136285089e-05,4.780000017490238e-05
109,10,45,5000,0.0002360500002396293,0.0001279499992961064,0.0003501999999571126,0.00013380000018514693
110,20,19,5000,8.875000094121788e-05,1.3149998267181218e-05,0.00016170000162674114,1.4199998986441642e-05
111,20,38,5000,0.00010135000047739595,1.3650000255438499e-05,0.00019600000086938962,2.2399999579647556e-05
112,20,57,5000,0.0017153000007965602,7.384999844362028e-05,0.0018950000012409873,7.839999670977704e-05
113,20,76,5000,0.001777899999069632,0.00018120000095223077,0.0018005999991146382,0.00022200000239536166
114,20,95,5000,0.00153755000064848,0.0002869499985536095,0.0029442999984894414,0.000445699999545468
115,20,114,5000,0.0014464000014413614,0.00012869999955000822,0.0026648000020941254,0.00016599999798927456
116,20,133,5000,0.0013422499996522674,0.00029800000083923806,0.0024300000004586764,0.0004279000022506807
117,20,152,5000,0.0015560500014544232,0.0002675000014278339,0.0028061000011803117,0.00029940000240458176
118,20,171,5000,0.0016220500019699102,0.0008288999979413347,0.0029600000016216654,0.0014454999982262962
119,20,190,5000,0.0016227000032813521,0.00043400000140536577,0.002900500003306661,0.0005848000000696629
120,30,43,5000,0.0006241500013857149,1.1650001397356391e-05,0.0012384000001475215,1.620000330149196e-05
121,30,87,5000,0.0033676500024739653,0.00011574999916774686,0.006564400002389448,0.00016649999815854244
122,30,130,5000,0.0034256500002811663,0.00038019999919924885,0.0063086000009207055,0.0004624999965017196
123,30,174,5000,0.003766999998333631,0.0005225499990046956,0.007238199999846984,0.0009600999983376823
124,30,217,5000,0.0036622499992517987,0.0003686500003823312,0.0069007999991299585,0.00045429999954649247
125,30,261,5000,0.00041865000093821436,0.00021860000015294645,0.0004254000014043413,0.00025549999918439426
126,30,304,5000,0.008160049999787589,0.0007675999986531679,0.008951899999374291,0.0009229999996023253
127,30,348,5000,0.0008285500007332303,0.0009221999989676988,0.0008576000000175554,0.0010164000013901386
128,30,391,5000,0.018924549998700968,0.0019371500020497479,0.023188999999547377,0.0019796000015048776
129,30,435,5000,0.006476349999502418,0.0022508499987452524,0.012221400000271387,0.004265100000338862
130,40,78,5000,0.011074899999584886,0.00012944999980391003,0.021081700000650017,0.00014010000086273067
131,40,156,5000,0.02103509999869857,0.0011653999990812736,0.02415639999890118,0.0017327999994449783
132,40,234,5000,0.015996899999663583,0.001377550001052441,0.031201199999486562,0.0020183000015094876
133,40,312,5000,0.0018603499993332662,0.0009223500001098728,0.001939699999638833,0.0011553000003914349
134,40,390,5000,0.0008357999995496357,0.0015776500003994443,0.0009381999989273027,0.0023032000026432797
135,40,468,5000,0.00935475000005681,0.002349050000702846,0.01761400000032154,0.004133400001592236
136,40,546,5000,0.00971795000077691,0.000999500000034459,0.018270399999892106,0.0010757000018202234
137,40,624,5000,0.0012967999991815304,0.00170810000054189,0.0013818999977956992,0.0024448000003758352
138,40,702,5000,0.011458300001322641,0.0015571500007354189,0.02159890000257292,0.0017731000007188413
139,40,780,5000,0.0018938999983220128,0.0017010499996104045,0.001963999999134103,0.002349900001718197
140,50,122,5000,0.0007548999983555404,5.9100000726175494e-05,0.0014386999973794445,8.349999916390516e-05
141,50,245,5000,0.007941349998873193,0.0004709999993792735,0.015360599998530233,0.0007691999999224208
142,50,367,5000,0.0011381500025891,0.0007133499984774971,0.0014991000025474932,0.0007538999998359941
143,50,490,5000,0.01302870000108669,0.0012353000001894543,0.02522060000046622,0.002084700001432793
144,50,612,5000,0.013775750001514098,0.0010380999992776196,0.026629900003172224,0.001366500000585802
145,50,735,5000,0.03223624999918684,0.0011493000001792097,0.06313329999829875,0.0015803999995114282
146,50,857,5000,0.0023457999996026047,0.002224150000984082,0.002907599999161903,0.002272800000355346
147,50,980,5000,0.021173999999518855,0.0022363499974744627,0.039632100000744686,0.002635999997437466
148,50,1102,5000,0.002169100000173785,0.0021569000000454253,0.002429899999697227,0.002534600000217324
149,50,1225,5000,0.029566350000095554,0.0043173499980184715,0.05524879999939003,0.004363699998066295
150,60,177,5000,0.0010050500004581409,0.00019670000074256677,0.0012578999994730111,0.00021180000112508424
151,60,354,5000,0.0012304499996389495,0.0004387499993754318,0.001308499999140622,0.0005514999975275714
152,60,531,5000,0.017972400000871858,0.0008343500012415461,0.03377060000275378,0.0008979000012914184
153,60,708,5000,0.02011820000006992,0.0017000499974528793,0.03873630000089179,0.0018310999985260423
154,60,885,5000,0.00241114999880665,0.002599999999802094,0.002686399999220157,0.002711000000999775
155,60,1062,5000,0.027011849999325932,0.003870900000038091,0.05173400000057882,0.0049658999996609055
156,60,1239,5000,0.0028916499995830236,0.0032241999979305547,0.0033088999989558943,0.004268599997885758
157,60,1416,5000,0.0347395000007964,0.009105049999561743,0.05950940000184346,0.01413479999973788
158,60,1593,5000,0.05803514999934123,0.0069411000004038215,0.1132246999986819,0.007172600002377294
159,60,1770,5000,0.03764424999826588,0.005120600000736886,0.07215789999827393,0.005658400001266273
160,70,241,5000,0.015031450002425117,0.00044939999861526303,0.028243100001418497,0.0007991999991645571
161,70,483,5000,0.04182369999944058,0.0010596000010991702,0.04196159999992233,0.001655899999605026
162,70,724,5000,0.002294000001711538,0.002200150001954171,0.002758500002528308,0.0024619000032544136
163,70,966,5000,0.09175585000048159,0.004676200000176323,0.18119859999933396,0.00701409999965108
164,70,1207,5000,0.00238694999825384,0.001920699998663622,0.0026421999973536003,0.002088599998387508
165,70,1449,5000,0.0035673500005941605,0.0028939500007254537,0.004267300002538832,0.004243200000928482
166,70,1690,5000,0.04277295000065351,0.006264800000280957,0.08213960000284715,0.009100999999645865
167,70,1932,5000,0.11071350000020175,0.006802050000260351,0.1259831999996095,0.007906300001195632
168,70,2173,5000,0.32929444999899715,0.009111850000408594,0.47889539999960107,0.01191100000141887
169,70,2415,5000,0.06207959999846935,0.009951849999197293,0.11658709999755956,0.013154199998098193
170,80,316,5000,0.0409745999986626,0.0009836499993980397,0.04287059999842313,0.0013131999985489529
171,80,632,5000,0.0028618000014830614,0.0022617999984504422,0.003315800000564195,0.0027646999988064636
172,80,948,5000,0.038468500000817585,0.003367949999301345,0.07480280000163475,0.003811499998846557
173,80,1264,5000,0.046405549999690265,0.005808850000903476,0.09013000000049942,0.00599530000181403
174,80,1580,5000,0.1704221999989386,0.007023050000498188,0.19589169999744627,0.007860199999413453
175,80,1896,5000,0.0741075500009174,0.014698800001497148,0.13223700000162353,0.020401400000991998
176,80,2212,5000,0.19369394999921496,0.011519949999637902,0.3791338999981235,0.019715599999472033
177,80,2528,5000,0.15605240000149934,0.01337029999922379,0.17959420000261161,0.015362199999799486
178,80,2844,5000,0.1334296999993967,0.018694300000788644,0.24584170000161976,0.022385700001905207
179,80,3160,5000,0.09782919999815931,0.012227150000398979,0.1886990999992122,0.012538599999970756
180,90,400,5000,0.027626150000287453,0.0007044499998301035,0.05362279999826569,0.000994500001979759
181,90,801,5000,0.07496499999979278,0.002849499998774263,0.07668240000202786,0.003184599998348858
182,90,1201,5000,0.05609494999953313,0.0035536499999579974,0.10638590000235126,0.005089800000860123
183,90,1602,5000,0.06143610000071931,0.006048149998605368,0.1195575000019744,0.008177699997759191
184,90,2002,5000,0.006332100001600338,0.005049249997682637,0.008848100002069259,0.005281799996737391
185,90,2403,5000,0.004982899999959045,0.00899684999967576,0.0049862999985634815,0.01374260000011418
186,90,2803,5000,0.010077550001369673,0.011324099999910686,0.011638700001640245,0.011384699999325676
187,90,3204,5000,0.11323769999944489,0.020399349998115213,0.2091547999989416,0.023642599997401703
188,90,3604,5000,0.12059034999947471,0.010384749999502674,0.23436940000101458,0.011671199998090742
189,90,4005,5000,0.2110487000009016,0.013846249998096027,0.41511220000029425,0.019295999998576008
190,100,495,5000,0.06966984999962733,0.0012211500015837373,0.07559169999876758,0.0012810000007448252
191,100,990,5000,0.0022937499998079147,0.0016049500009103213,0.0025597999992896803,0.0019780000002356246
192,100,1485,5000,0.003050650000659516,0.0020368499990581768,0.003094800002145348,0.0027234000008320436
193,100,1980,5000,0.24467030000050727,0.028620449998925324,0.27586019999944256,0.04707520000010845
194,100,2475,5000,0.37378184999943187,0.012598499999512569,0.5230663999973331,0.012912499998492422
195,100,2970,5000,0.1430886999987706,0.007525450000684941,0.2778945999998541,0.009260999999241903
196,100,3465,5000,0.4495671000022412,0.013064900000244961,0.8908465000022261,0.017674999999144347
197,100,3960,5000,0.20331520000036107,0.017059850000805454,0.3955241000003298,0.02017350000096485
198,100,4455,5000,0.009249149999959627,0.020851699999184348,0.009443899998586858,0.025394199998117983
199,100,4950,5000,0.203195300000516,0.02226379999956407,0.39486699999906705,0.02291239999976824
200,10,4,7500,2.2250000256462954e-05,6.300000677583739e-06,4.020000051241368e-05,9.300001693191007e-06
201,10,9,7500,5.694999890692998e-05,4.999999873689376e-06,0.0001095000006898772,6.399997801054269e-06
202,10,13,7500,7.399999958579428e-05,1.0200001270277426e-05,0.00014390000069397502,1.710000287857838e-05
203,10,18,7500,7.374999950116035e-05,1.4250001186155714e-05,0.00014240000018617138,2.049999966402538e-05
204,10,22,7500,6.495000161521602e-05,5.30500019522151e-05,7.960000220919028e-05,0.00010010000187321566
205,10,27,7500,0.00011890000132552814,5.3750001825392246e-05,0.0001368000012007542,7.190000178525224e-05
206,10,31,7500,0.0004253999995853519,4.915000135952141e-05,0.0007470999989891425,5.870000313734636e-05
207,10,36,7500,0.00040375000025960617,8.344999878318049e-05,0.0004265000025043264,0.00011779999840655364
208,10,40,7500,0.0005591500012087636,0.0001880999989225529,0.0010187000007135794,0.00029319999885046855
209,10,45,7500,0.00026559999969322234,9.395000051881652e-05,0.0004496000001381617,0.00011269999959040433
210,20,19,7500,7.34999957785476e-06,7.550001100753434e-06,7.499998901039362e-06,1.0100000508828089e-05
211,20,38,7500,0.0006034500020177802,1.4900000678608194e-05,0.001200400001835078,2.4900000425986946e-05
212,20,57,7500,0.002044299999397481,0.00011700000140990596,0.0037530999979935586,0.00017580000348971225
213,20,76,7500,0.001333399999566609,0.00026035000155388843,0.0021463999983097892,0.00045840000166208483
214,20,95,7500,0.0021720000004279427,0.0003832000002148561,0.0037253000009513926,0.0004287999981897883
215,20,114,7500,0.0024650000013934914,0.00026015000003098976,0.0027536000015970785,0.0002812999991874676
216,20,133,7500,0.002644449999934295,0.0007335499994951533,0.002899700000853045,0.0011216999992029741
217,20,152,7500,0.0030295000015030382,0.0002925000007962808,0.0035639000016089994,0.0003144000002066605
218,20,171,7500,0.002168699998946977,0.00039930000093590934,0.0034326999993936624,0.0004580000022542663
219,20,190,7500,0.002150149997760309,0.00032579999970039353,0.003983299997344147,0.00040639999861014076
220,30,43,7500,0.0005115500007377705,1.8250000721309334e-05,0.0007178000014391728,2.1200001356191933e-05
221,30,87,7500,0.0002456500005791895,8.999999954539817e-05,0.00030559999868273735,0.00011190000077476725
222,30,130,7500,0.0005948499983787769,0.00031910000143398065,0.0006432999980461318,0.000365700001566438
223,30,174,7500,0.006036700000549899,0.0002455000012560049,0.006646500001806999,0.00029660000291187316
224,30,217,7500,0.003986399999121204,0.0005593999994744081,0.0075197999976808205,0.0006570999976247549
225,30,261,7500,0.0006111999991844641,0.0006391999995685183,0.0007576999996672384,0.0009312000001955312
226,30,304,7500,0.0004609000006894348,0.00044180000077176373,0.0005187999995541759,0.00046189999920898117
227,30,348,7500,0.007343350000155624,0.0018660999994608574,0.012437699999281904,0.0029141999984858558
228,30,391,7500,0.0011769499997171806,0.001311899999564048,0.001532400001451606,0.0018550999993749429
229,30,435,7500,0.00639325000156532,0.003098850000242237,0.009719100002257619,0.0036852000012004282
230,40,78,7500,0.00172394999935932,3.389999983482994e-05,0.0034123000004910864,5.310000051395036e-05
231,40,156,7500,0.00484994999897026,0.0007590000004711328,0.009661299998697359,0.001495600001362618
232,40,234,7500,0.006985899997744127,0.0005284999970172066,0.013393999997788342,0.0008920999971451238
233,40,312,7500,0.014685550000649528,0.0009090499988815282,0.015773499999340856,0.0011011999995389488
234,40,390,7500,0.014303300002211472,0.0011075500005972572,0.014412200001970632,0.001222899998538196
235,40,468,7500,0.03068725000048289,0.001940600001034909,0.060098500001913635,0.0030131999992590863
236,40,546,7500,0.0015702500004408648,0.002735850001045037,0.0018452000003890134,0.0029995000004419126
237,40,624,7500,0.018269450001753285,0.0018236500000057276,0.01970430000073975,0.0018707000017457176
238,40,702,7500,0.009922600000209059,0.002243250000901753,0.01853050000136136,0.002529800000047544
239,40,780,7500,0.001862249997429899,0.0022957000001042616,0.0019335999968461692,0.002682700000150362
240,50,122,7500,0.004399100000227918,0.00018685000213736203,0.008774900001299102,0.00035620000198832713
241,50,245,7500,0.008158749998983694,0.000549700000192388,0.015894799998932285,0.001035299999784911
242,50,367,7500,0.010911649998888606,0.000550650000150199,0.02106429999912507,0.0008780999996815808
243,50,490,7500,0.013218100002632127,0.001343699997960357,0.025347100003273226,0.001772699997673044
244,50,612,7500,0.001343200001429068,0.0010491500015632482,0.0013515000027837232,0.0014366000032168813
245,50,735,7500,0.015943200000037905,0.0015777499993419042,0.030254999997850973,0.0016500999990967102
246,50,857,7500,0.03183725000053528,0.0018555000006017508,0.061733800001093186,0.0019224000025133137
247,50,980,7500,0.018225150000944268,0.0017264500020246487,0.03385880000132602,0.0020885000012640376
248,50,1102,7500,0.03629415000068548,0.0037141500015422935,0.03672570000344422,0.004636000001482898
249,50,1225,7500,0.06260924999878625,0.005569299999478972,0.08415129999775672,0.007223900000099093
250,60,177,7500,0.01526929999999993,0.0006423000013455749,0.03041030000167666,0.0012241000003996305
251,60,354,7500,0.025501949998215423,0.0006691499984299298,0.027025299998058472,0.0006847999975434504
252,60,531,7500,0.018067950000840938,0.0013267499998619314,0.03479169999991427,0.0013593999974546023
253,60,708,7500,0.019689450000441866,0.001560199998493772,0.037882900000113295,0.0021390999972936697
254,60,885,7500,0.0014959999989514472,0.001523099999758415,0.0017413999994460028,0.0023822999974072445
255,60,1062,7500,0.003692999998747837,0.003237950000766432,0.0055938999976206105,0.005181900000025053
256,60,1239,7500,0.028288099998462712,0.0029736500000581145,0.05337869999857503,0.0037057000008644536
257,60,1416,7500,0.0024792499989416683,0.0022213000011106487,0.0027620000000752043,0.00259840000217082
258,60,1593,7500,0.005691099999239668,0.0026165500003116904,0.007197300001280382,0.003373499999725027
259,60,1770,7500,0.03492675000052259,0.00534344999869063,0.06612049999966985,0.006047899998520734
260,70,241,7500,0.026957750000292435,0.0006763500005035894,0.030046200001379475,0.0009045000006153714
261,70,483,7500,0.020290450000175042,0.0013830999996571336,0.03920300000027055,0.0014690999996673781
262,70,724,7500,0.045594949999212986,0.0025001499998325016,0.04800310000064201,0.002816300002450589
263,70,966,7500,0.05734604999815929,0.003932100000383798,0.057683999999426305,0.004262499998731073
264,70,1207,7500,0.03526860000056331,0.002461149999362533,0.06641590000072028,0.0029560000002675224
265,70,1449,7500,0.005097499999465072,0.0055370999998558545,0.006934900000487687,0.00561809999999241
266,70,1690,7500,0.003237649998482084,0.0043901999979425455,0.0034005999987130053,0.004511499999352964
267,70,1932,7500,0.12019074999989243,0.0044795499998144805,0.14644780000162427,0.004670900001656264
268,70,2173,7500,0.14568560000043362,0.023528100000476115,0.27717280000069877,0.02887639999971725
269,70,2415,7500,0.09256844999981695,0.012592750001203967,0.17604039999787346,0.014122000000497792
270,80,316,7500,0.05019149999861838,0.0018692499997996492,0.09502549999888288,0.003092599999945378
271,80,632,7500,0.03787265000028128,0.0009288000001106411,0.07296660000065458,0.001215800002682954
272,80,948,7500,0.0026829999987967312,0.002802049999445444,0.0034989999985555187,0.0030079999996814877
273,80,1264,7500,0.005693799999789917,0.004473499999221531,0.0057422999998379964,0.005824399999255547
274,80,1580,7500,0.012937600000441307,0.010387400001491187,0.016726400001061847,0.013335400002688402
275,80,1896,7500,0.08814059999895107,0.008870399999068468,0.16575279999960912,0.009759500000654953
276,80,2212,7500,0.1096223500007909,0.009384849998241407,0.21576679999998305,0.013571299998147879
277,80,2528,7500,0.2994415499997558,0.015728349999335478,0.3400889000004099,0.02163709999877028
278,80,2844,7500,0.13295314999959373,0.017922300001373515,0.25021089999791,0.022380900001735426
279,80,3160,7500,0.09187494999969203,0.016802199999801815,0.17217750000054366,0.017346000000543427
280,90,400,7500,0.030029999998077983,0.0004651000017474871,0.05886109999846667,0.000662500002363231
281,90,801,7500,0.04255109999940032,0.001845699998739292,0.08336299999791663,0.001963499998964835
282,90,1201,7500,0.10276765000162413,0.0038870999997016042,0.10837030000038794,0.0045185999988461845
283,90,1602,7500,0.003468849999990198,0.0029567500005214242,0.0039121000008890405,0.002996200000779936
284,90,2002,7500,0.1778954999990674,0.007237299998450908,0.3505321999982698,0.011041800000384683
285,90,2403,7500,0.010839549999218434,0.01302025000222784,0.011958099999901606,0.015405700003611855
286,90,2803,7500,0.0063677999987703515,0.009072349997950369,0.006830899998021778,0.009325399998488137
287,90,3204,7500,0.2497446500001388,0.025703599998450954,0.49294129999907454,0.04227789999640663
288,90,3604,7500,0.010374749999755295,0.011760600002162391,0.014200800000253366,0.014261800002714153
289,90,4005,7500,0.2602765999999974,0.015558849998342339,0.5125712000008207,0.018149399998947047
290,100,495,7500,0.0021922499981883448,0.0009534999990137294,0.002671799997187918,0.0013599999983853195
291,100,990,7500,0.050814149997677305,0.00337279999985185,0.0992140999987896,0.004476599999179598
292,100,1485,7500,0.06840760000159207,0.003020000000105938,0.13280890000169165,0.0032424999990325887
293,100,1980,7500,0.08626265000020794,0.005123649998495239,0.16880809999929625,0.007261899998411536
294,100,2475,7500,0.005377899999075453,0.007281300000613555,0.005629499999486143,0.007698299999901792
295,100,2970,7500,0.12158255000031204,0.015450950000740704,0.23692839999785065,0.019511700000293786
296,100,3465,7500,0.15808970000216505,0.012773600001310115,0.3102582000028633,0.018411500001093373
297,100,3960,7500,0.529464300001564,0.023335100000622333,0.7585413000015251,0.0276744000002509
298,100,4455,7500,0.009765349999725004,0.01653049999731593,0.010920299999270355,0.021278099997289246
299,100,4950,7500,0.30799805000060587,0.017648349999944912,0.6070097000010719,0.02170029999979306
300,10,4,10000,1.469999915570952e-05,9.450001016375609e-06,2.2000000171829015e-05,1.2900000001536682e-05
301,10,9,10000,2.2599999283556826e-05,7.0000005507608876e-06,3.35000004270114e-05,9.20000093174167e-06
302,10,13,10000,0.00013029999900027178,1.1199999789823778e-05,0.00025629999800003134,1.9099999917671084e-05
303,10,18,10000,3.35000004270114e-05,1.2300002708798274e-05,5.729999975301325e-05,2.040000254055485e-05
304,10,22,10000,0.00013550000039685983,1.9699999029398896e-05,0.00026650000290828757,3.590000051190145e-05
305,10,27,10000,0.0003123499991488643,4.065000030095689e-05,0.0003999999971711077,5.289999899105169e-05
306,10,31,10000,0.00015795000035723206,2.8399999791872688e-05,0.0002012999975704588,3.51999988197349e-05
307,10,36,10000,0.00036279999949329067,4.205000004731119e-05,0.00039309999920078553,5.5500000598840415e-05
308,10,40,10000,0.0003221000006305985,8.214999979827553e-05,0.0003862000012304634,9.270000009564683e-05
309,10,45,10000,0.0002480999992258148,7.834999996703118e-05,0.00043449999793665484,9.339999814983457e-05
310,20,19,10000,1.5199999324977398e-05,6.449998181778938e-06,1.6199999663513154e-05,6.499998562503606e-06
311,20,38,10000,9.954999768524431e-05,7.050000931485556e-06,0.00019219999740016647,9.20000093174167e-06
312,20,57,10000,9.860000136541203e-05,4.360000093583949e-05,0.0001900000024761539,8.150000212481245e-05
313,20,76,10000,0.0017441999989387114,0.0001938500008691335,0.0019050999981118366,0.0002610000010463409
314,20,95,10000,0.00023785000121279154,0.0001965000010386575,0.000298400002066046,0.0002688000022317283
315,20,114,10000,0.002275799999551964,0.000372949998563854,0.002419299999019131,0.0004138999975111801
316,20,133,10000,0.0024698000015632715,0.00016234999930020422,0.002567200001067249,0.000265499998931773
317,20,152,10000,0.0017844499998318497,0.0003228999994462356,0.002762199997960124,0.00036189999809721485
318,20,171,10000,0.0015829999993002275,0.00042224999924656004,0.0026687999998102896,0.0005013000009057578
319,20,190,10000,0.001749799999743118,0.0003789999991568038,0.0031128999980865046,0.0004953999996359926
320,30,43,10000,0.00023624999812454917,1.5550000171060674e-05,0.0004621999978553504,2.3299999156733975e-05
321,30,87,10000,0.0019373000013729325,9.004999992612284e-05,0.0036061000027984846,0.0001370999998471234
322,30,130,10000,0.002804999998261337,0.00012959999912709463,0.005129699999088189,0.00014939999891794287
323,30,174,10000,0.0005203500004427042,0.0003603000004659407,0.0005559999990509823,0.0004063000014866702
324,30,217,10000,0.0034375500017631566,0.0007644500001333654,0.006501700001535937,0.0009439999994356185
325,30,261,10000,0.006603550000363612,0.0008964000007836148,0.006962899999052752,0.0010327000018151011
326,30,304,10000,0.008194449999791686,0.0007125499996618601,0.008424899999226909,0.0011027000000467524
327,30,348,10000,0.0005554500003199792,0.00044114999946032185,0.0005992999977024738,0.00046920000022510067
328,30,391,10000,0.004757549999339972,0.001020450001306017,0.008196499999030493,0.0010828000013134442
329,30,435,10000,0.005598800000370829,0.0009657999980845489,0.010231399999611313,0.0012457999982871115
330,40,78,10000,0.000469149999844376,4.9899999794433825e-05,0.0006647000009252224,6.969999958528206e-05
331,40,156,10000,0.004601500000717351,0.0002802500002871966,0.008746800001972588,0.00035480000224197283
332,40,234,10000,0.010513249997529783,0.0007257999986904906,0.01099209999665618,0.0010082999979204033
333,40,312,10000,0.006169199998112163,0.0009465499988436932,0.011622899997746572,0.001301299998885952
334,40,390,10000,0.007472199999028817,0.0007377499987342162,0.014125899997452507,0.0007740999972156715
335,40,468,10000,0.0201108999990538,0.003394999999727588,0.03805859999920358,0.004603699999279343
336,40,546,10000,0.0011462000002211425,0.0017721499989420408,0.0011526999987836462,0.0018417999999655876
337,40,624,10000,0.025495599998976104,0.0031328000004577916,0.03279589999874588,0.005154599999514176
338,40,702,10000,0.0012616999993042555,0.0012464000010368181,0.0013844999994034879,0.0014857000023766886
339,40,780,10000,0.024654249999002786,0.003817549999439507,0.025885399998514913,0.004983299997547874
340,50,122,10000,0.0069511000001512,4.2749999920488335e-05,0.013872299998183735,6.38999990769662e-05
341,50,245,10000,0.017885999999634805,0.001056449998941389,0.01838109999880544,0.0014183999992383178
342,50,367,10000,0.0010087999999086605,0.0006432000009226613,0.0011561999999685213,0.0007918000010249671
343,50,490,10000,0.025351050000608666,0.0025588500011508586,0.025664199998573167,0.0032052999995357823
344,50,612,10000,0.024713249998967513,0.001995599999645492,0.04693849999966915,0.0022073999971325975
345,50,735,10000,0.003634250000686734,0.003897250000591157,0.0055793999999878,0.006711999998515239
346,50,857,10000,0.0021412500009319047,0.002837550000549527,0.0027399999999033753,0.004435999999259366
347,50,980,10000,0.18467025000063586,0.0177471000024525,0.2888448999983666,0.024636200003442355
348,50,1102,10000,0.0048829499992280034,0.005565050001678173,0.005557000000408152,0.007086400000844151
349,50,1225,10000,0.03369044999817561,0.00445419999959995,0.06476169999950798,0.004825599997275276
350,60,177,10000,0.001061249999111169,0.00026339999931224156,0.0012075999984517694,0.0002789999998640269
351,60,354,10000,0.0014189000012265751,0.0012429499984136783,0.0018877000002248678,0.0017518999993626494
352,60,531,10000,0.028236050000487012,0.0015787500014994293,0.05536430000211112,0.002050200000667246
353,60,708,10000,0.0025330000007670606,0.0027559000009205192,0.003801000002567889,0.002964400002383627
354,60,885,10000,0.0022653000014543068,0.0026798500002769288,0.002656800003023818,0.002847499999916181
355,60,1062,10000,0.02693360000193934,0.002917350000643637,0.048913000002357876,0.0039031000014801975
356,60,1239,10000,0.07351295000080427,0.005102200000692392,0.14499050000085845,0.007470100001228275
357,60,1416,10000,0.05735069999900588,0.004020200000013574,0.060473699999420205,0.004629600000043865
358,60,1593,10000,0.032472900002176175,0.003277299998444505,0.06202840000332799,0.004075799999554874
359,60,1770,10000,0.06494709999969928,0.005448750000141445,0.06571540000004461,0.005498200000147335
360,70,241,10000,0.0127376499985985,0.0005252999999356689,0.02437149999968824,0.0007450000011886004
361,70,483,10000,0.00212794999970356,0.0010778499981825007,0.0027985999986412935,0.0016031999984988943
362,70,724,10000,0.0014226499988581054,0.0010064999987662304,0.00156549999883282,0.0013380999989749398
363,70,966,10000,0.043667050000294694,0.0034816500010492746,0.08514020000075107,0.005964700001641177
364,70,1207,10000,0.04015055000127177,0.005030049998822506,0.0772794000004069,0.006511499999760417
365,70,1449,10000,0.03853259999959846,0.00316229999953066,0.07413979999910225,0.0031780999997863546
366,70,1690,10000,0.08652765000078944,0.005532600000151433,0.08897119999892311,0.0061218000009830575
367,70,1932,10000,0.08825489999981073,0.006183650000821217,0.17308730000149808,0.007444099999702303
368,70,2173,10000,0.003524400000969763,0.004208999998809304,0.0035313000007590745,0.004875599999650149
369,70,2415,10000,0.0048114500004885485,0.005448250001791166,0.004898099999991246,0.005522900002688402
370,80,316,10000,0.0016209999994316604,0.0007184499991126359,0.0019571999982872512,0.0010800999989442062
371,80,632,10000,0.05092080000031274,0.0015166499997576466,0.05128110000077868,0.001837399999203626
372,80,948,10000,0.038205099999686354,0.0018862500019167783,0.07446930000151042,0.0022167000024637673
373,80,1264,10000,0.0470890500000678,0.0050772500017046696,0.09095460000025923,0.00664610000239918
374,80,1580,10000,0.10680135000256996,0.004941350000081002,0.11340480000217212,0.0054442000000562984
375,80,1896,10000,0.07426400000076683,0.004927600002702093,0.14558899999974528,0.005965700001979712
376,80,2212,10000,0.13106045000131417,0.006262650000280701,0.1445506000018213,0.0066197000014653895
377,80,2528,10000,0.006726599998728489,0.00987745000020368,0.007824000000255182,0.013242699998954777
378,80,2844,10000,0.005764650000855909,0.010015050000220072,0.006048999999620719,0.010576399999990826
379,80,3160,10000,0.09420094999950379,0.023014050000710995,0.17003439999825787,0.029659100000571925
380,90,400,10000,0.1234053500011214,0.0019277999981568428,0.16756350000287057,0.003295299997262191
381,90,801,10000,0.052776250000533764,0.002189400000133901,0.10349180000048364,0.003294999998615822
382,90,1201,10000,0.24022390000027372,0.004025500000352622,0.2934782999982417,0.005790700000943616
383,90,1602,10000,0.0639375500013557,0.011616400001003058,0.12447980000069947,0.018307400001503993
384,90,2002,10000,0.2984491999995953,0.015762949999043485,0.5903238999999303,0.025524299999233335
385,90,2403,10000,0.004502900001170929,0.005903749999561114,0.004688600001827581,0.007182800000009593
386,90,2803,10000,0.00652309999895806,0.00980014999913692,0.0072755000001052395,0.010647200000676094
387,90,3204,10000,0.5640771000016684,0.022653949999948964,0.5662894000015513,0.023409400000673486
388,90,3604,10000,0.12230294999972102,0.010479300000952207,0.23027100000035716,0.010589299999992363
389,90,4005,10000,0.007521900000938331,0.01117704999887792,0.007713599999988219,0.01143949999823235
390,100,495,10000,0.06713955000122951,0.0022083999992901227,0.06796190000022762,0.0024840999976731837
391,100,990,10000,0.004917750000458909,0.003404550001505413,0.006574999999429565,0.003821900001639733
392,100,1485,10000,0.07484344999829773,0.006094200000006822,0.14581689999977243,0.008810700001049554
393,100,1980,10000,0.22888440000133414,0.011290200000075856,0.2946557000032044,0.017936799999006325
394,100,2475,10000,0.20539710000048217,0.016499049999765703,0.4060018000018317,0.027198200001294026
395,100,2970,10000,0.3191291999992245,0.02271544999894104,0.6201685999985784,0.029675999998289626
396,100,3465,10000,0.0076332500011631055,0.009733949998917524,0.008302500002173474,0.010419700000056764
397,100,3960,10000,0.014724049999131239,0.015365949999250006,0.018649199999345,0.01736919999893871
398,100,4455,10000,0.7650732000001881,0.03882114999760233,0.8192466000000422,0.04644189999817172
399,100,4950,10000,0.015138499999011401,0.017663200000242796,0.018761999999696855,0.01931450000120094
